SrcAddr,DstAddr,type
00:00:00:00:00:00,00:00:00:00:00:00,beaconing
fe80::50be:8acf:be49:8c14,ff02::1:2,beaconing
0.0.0.0,10.0.2.103,beaconing
::,ff02::1:ff49:8c14,beaconing
fe80::50be:8acf:be49:8c14,ff02::2,beaconing
fe80::50be:8acf:be49:8c14,ff02::16,beaconing
10.0.2.103,10.0.2.2,beaconing
10.0.2.103,8.8.8.8,beaconing
10.0.2.2,10.0.2.103,beaconing
10.0.2.103,4.4.4.4,beaconing
8.8.8.8,10.0.2.103,beaconing
fe80::50be:8acf:be49:8c14,ff02::1:3,beaconing
10.0.2.103,224.0.0.252,beaconing
10.0.2.103,10.0.2.255,beaconing
10.0.2.103,119.59.124.163,beaconing
10.0.2.103,192.163.239.60,beaconing
10.0.2.103,188.126.72.179,beaconing
10.0.2.103,200.159.128.132,beaconing
10.0.2.103,195.219.57.34,beaconing
10.0.2.103,64.207.134.54,beaconing
10.0.2.103,103.245.153.70,beaconing
10.0.2.103,202.44.54.4,beaconing
10.0.2.103,178.23.244.51,beaconing
10.0.2.103,103.228.200.37,beaconing
10.0.2.103,162.144.46.185,beaconing
200.159.128.132,10.0.2.103,beaconing
00:00:00:00:00:00,00:00:00:00:00:00,regular
fe80::69dd:e614:2b2:dfd0,ff02::16,regular
::,ff02::1:ffb2:dfd0,regular
fe80::69dd:e614:2b2:dfd0,ff02::2,regular
0.0.0.0,169.254.223.208,regular
0.0.0.0,255.255.255.255,regular
10.0.2.2,10.0.2.15,regular
fe80::69dd:e614:2b2:dfd0,ff02::1:2,regular
10.0.2.15,10.0.2.2,regular
0.0.0.0,10.0.2.15,regular
10.0.2.15,255.255.255.255,regular
10.0.2.15,192.168.33.254,beaconing
192.168.33.254,10.0.2.15,regular
fe80::69dd:e614:2b2:dfd0,ff02::1:3,regular
10.0.2.15,224.0.0.252,regular
10.0.2.15,10.0.2.255,regular
10.0.2.15,95.101.72.202,regular
10.0.2.15,52.222.174.104,regular
10.0.2.15,52.39.237.157,regular
10.0.2.15,93.184.220.29,regular
10.0.2.15,52.222.171.185,regular
10.0.2.15,216.58.207.78,regular
216.58.207.78,10.0.2.15,regular
10.0.2.15,216.58.207.67,regular
10.0.2.15,216.58.207.66,regular
10.0.2.15,216.58.206.2,regular
10.0.2.15,216.58.207.65,regular
10.0.2.15,216.58.211.4,regular
10.0.2.15,216.58.211.3,regular
10.0.2.15,216.58.207.70,regular
10.0.2.15,173.194.10.206,regular
10.0.2.15,74.125.175.213,regular
10.0.2.15,74.125.104.106,regular
10.0.2.15,172.217.22.98,regular
10.0.2.15,54.201.188.11,regular
10.0.2.15,216.58.205.238,regular
10.0.2.15,52.222.174.123,regular
10.0.2.15,52.42.6.91,regular
10.0.2.15,172.217.23.162,regular
216.58.211.4,10.0.2.15,regular
10.0.2.15,216.58.193.99,regular
10.0.2.15,173.194.10.199,regular
10.0.2.15,74.125.11.168,regular
10.0.2.15,173.194.10.174,regular
10.0.2.15,52.40.81.184,regular
10.0.2.15,173.194.151.72,regular
10.0.2.15,52.222.174.22,regular
10.0.2.15,52.222.171.188,regular
10.0.2.15,216.58.211.14,regular
10.0.2.15,173.194.10.213,regular
10.0.2.15,173.194.164.120,regular
10.0.2.15,173.194.10.215,regular
10.0.2.15,52.41.230.224,regular
10.0.2.15,173.194.24.233,regular
93.184.220.29,10.0.2.15,regular
10.0.2.15,52.222.171.214,regular
10.0.2.15,216.58.207.34,regular
10.0.2.15,173.194.10.217,regular
10.0.2.15,74.125.155.233,regular
10.0.2.15,52.11.47.167,regular
10.0.2.15,173.194.10.145,regular
10.0.2.15,74.125.7.208,regular
10.0.2.15,173.194.10.181,regular
10.0.2.15,74.125.173.26,regular
10.0.2.15,173.194.60.9,regular
10.0.2.15,216.58.207.77,regular
10.0.2.15,52.222.171.106,regular
10.0.2.15,216.58.207.80,regular
10.0.2.15,216.58.207.74,regular
10.0.2.15,216.58.208.42,regular
216.58.211.14,10.0.2.15,regular
10.0.2.15,172.217.16.168,regular
10.0.2.15,216.58.207.84,regular
10.0.2.15,216.58.214.74,regular
10.0.2.15,216.58.207.72,regular
216.58.211.3,10.0.2.15,regular
10.0.2.15,77.75.77.39,regular
10.0.2.15,23.51.123.27,regular
10.0.2.15,77.75.79.9,regular
10.0.2.15,77.75.78.72,regular
10.0.2.15,77.75.76.146,regular
10.0.2.15,77.75.76.182,regular
23.51.123.27,10.0.2.15,regular
10.0.2.15,77.75.77.25,regular
10.0.2.15,81.0.212.200,regular
10.0.2.15,77.75.79.120,regular
10.0.2.15,85.232.230.229,regular
10.0.2.15,37.252.172.70,regular
10.0.2.15,104.108.43.33,regular
10.0.2.15,77.75.76.19,regular
10.0.2.15,198.47.127.27,regular
10.0.2.15,178.255.83.1,regular
10.0.2.15,77.75.76.22,regular
10.0.2.15,77.75.79.27,regular
10.0.2.15,77.75.79.33,regular
10.0.2.15,52.20.220.238,regular
10.0.2.15,185.62.216.248,regular
10.0.2.15,217.146.190.249,regular
10.0.2.15,216.58.205.226,regular
10.0.2.15,37.157.4.15,regular
10.0.2.15,193.0.160.207,regular
185.62.216.248,10.0.2.15,regular
52.20.220.238,10.0.2.15,regular
10.0.2.15,104.108.53.27,regular
104.108.53.27,10.0.2.15,regular
10.0.2.15,104.108.56.152,regular
10.0.2.15,93.184.221.200,regular
10.0.2.15,104.108.40.207,regular
10.0.2.15,23.33.69.167,regular
10.0.2.15,23.33.74.231,regular
10.0.2.15,104.108.50.161,regular
10.0.2.15,54.165.80.212,regular
10.0.2.15,23.33.0.128,regular
10.0.2.15,198.41.214.186,regular
198.41.214.186,10.0.2.15,regular
10.0.2.15,104.108.38.177,regular
10.0.2.15,207.46.194.10,regular
216.58.207.66,10.0.2.15,regular
10.0.2.15,23.33.1.74,regular
10.0.2.15,40.77.226.250,regular
10.0.2.15,204.79.197.200,regular
77.75.77.25,10.0.2.15,regular
10.0.2.15,2.22.128.238,regular
10.0.2.15,77.75.79.39,regular
10.0.2.15,185.33.222.23,regular
10.0.2.15,52.206.100.225,regular
10.0.2.15,185.62.216.152,regular
10.0.2.15,77.238.185.35,regular
10.0.2.15,152.115.75.199,regular
10.0.2.15,193.0.160.206,regular
10.0.2.15,198.47.127.17,regular
10.0.2.15,198.47.127.15,regular
10.0.2.15,52.222.175.209,regular
10.0.2.15,54.209.53.28,regular
77.75.76.182,10.0.2.15,regular
216.58.205.226,10.0.2.15,regular
10.0.2.15,91.198.174.208,regular
10.0.2.15,78.140.180.100,regular
10.0.2.15,146.169.13.11,regular
10.0.2.15,151.101.112.133,regular
10.0.2.15,104.18.59.130,regular
10.0.2.15,104.16.110.18,regular
178.255.83.1,10.0.2.15,regular
10.0.2.15,104.130.163.34,regular
10.0.2.15,23.33.68.38,regular
10.0.2.15,104.237.143.20,regular
10.0.2.15,72.247.178.19,regular
10.0.2.15,77.75.78.146,regular
10.0.2.15,77.75.79.126,regular
10.0.2.15,77.75.77.120,regular
10.0.2.15,37.252.172.39,regular
10.0.2.15,82.199.68.72,regular
10.0.2.15,77.75.76.72,regular
10.0.2.15,54.175.101.67,regular
10.0.2.15,52.86.45.222,regular
10.0.2.15,131.253.61.98,regular
23.33.68.38,10.0.2.15,regular
77.75.79.126,10.0.2.15,regular
77.75.78.72,10.0.2.15,regular
10.0.2.15,77.75.79.25,regular
10.0.2.15,185.33.222.93,regular
10.0.2.15,52.206.4.231,regular
10.0.2.15,185.31.128.207,regular
10.0.2.15,37.157.2.25,regular
10.0.2.15,104.244.42.193,regular
10.0.2.15,93.184.220.70,regular
10.0.2.15,104.244.42.131,regular
10.0.2.15,104.244.42.8,regular
10.0.2.15,74.125.195.154,regular
10.0.2.15,50.16.218.2,regular
10.0.2.15,104.244.42.5,regular
10.0.2.15,23.37.43.27,regular
10.0.2.15,104.108.36.136,regular
10.0.2.15,199.96.57.6,regular
10.0.2.15,52.87.49.255,regular
10.0.2.15,31.13.92.14,regular
10.0.2.15,31.13.92.36,regular
10.0.2.15,52.222.174.244,regular
10.0.2.15,74.125.195.155,regular
10.0.2.15,52.35.5.132,regular
104.244.42.131,10.0.2.15,regular
104.244.42.8,10.0.2.15,regular
10.0.2.15,104.244.46.167,regular
10.0.2.15,104.244.42.1,regular
10.0.2.15,172.217.22.2,regular
10.0.2.15,31.13.84.4,regular
10.0.2.15,31.13.92.37,regular
104.244.46.167,10.0.2.15,regular
104.244.42.1,10.0.2.15,regular
104.244.42.193,10.0.2.15,regular
74.125.195.154,10.0.2.15,regular
172.217.22.2,10.0.2.15,regular
31.13.84.4,10.0.2.15,regular
74.125.195.155,10.0.2.15,regular
104.244.42.5,10.0.2.15,regular
10.0.2.15,31.13.92.10,regular
31.13.92.14,10.0.2.15,regular
31.13.92.36,10.0.2.15,regular
10.0.2.15,31.13.92.2,regular
10.0.2.15,31.13.84.15,regular
10.0.2.15,107.154.104.99,regular
10.0.2.15,107.154.114.99,regular
10.0.2.15,52.28.108.193,regular
10.0.2.15,209.18.105.92,regular
10.0.2.15,54.76.1.36,regular
10.0.2.15,66.117.29.6,regular
10.0.2.15,66.235.149.109,regular
10.0.2.15,52.222.171.5,regular
10.0.2.15,2.22.132.204,regular
10.0.2.15,46.51.196.178,regular
10.0.2.15,174.137.122.31,regular
10.0.2.15,216.52.1.12,regular
10.0.2.15,188.121.36.239,regular
188.121.36.239,10.0.2.15,regular
10.0.2.15,54.231.72.83,regular
10.0.2.15,68.232.35.182,regular
10.0.2.15,151.101.112.222,regular
10.0.2.15,52.16.113.227,regular
10.0.2.15,52.86.59.85,regular
10.0.2.15,52.72.11.222,regular
10.0.2.15,54.72.169.137,regular
10.0.2.15,52.6.115.223,regular
10.0.2.15,34.208.42.86,regular
10.0.2.15,104.108.43.126,regular
10.0.2.15,176.34.190.30,regular
10.0.2.15,208.146.36.221,regular
10.0.2.15,64.30.224.173,regular
10.0.2.15,54.239.17.112,regular
10.0.2.15,34.251.208.124,regular
216.58.207.67,10.0.2.15,regular
10.0.2.15,34.200.6.171,regular
10.0.2.15,54.77.164.43,regular
31.13.92.10,10.0.2.15,regular
10.0.2.15,104.108.32.167,regular
10.0.2.15,185.29.135.233,regular
10.0.2.15,64.30.224.172,regular
10.0.2.15,149.126.77.144,regular
10.0.2.15,46.228.164.13,regular
10.0.2.15,185.57.60.186,regular
10.0.2.15,107.21.250.221,regular
10.0.2.15,204.2.197.204,regular
10.0.2.15,104.244.42.195,regular
10.0.2.15,208.146.36.220,regular
10.0.2.15,185.29.133.199,regular
52.222.171.5,10.0.2.15,regular
66.117.29.6,10.0.2.15,regular
10.0.2.15,54.247.84.124,regular
10.0.2.15,95.172.94.62,regular
10.0.2.15,62.67.193.85,regular
10.0.2.15,185.33.223.83,regular
10.0.2.15,23.56.3.183,regular
10.0.2.15,52.49.164.138,regular
10.0.2.15,173.241.240.143,regular
10.0.2.15,104.199.98.115,regular
10.0.2.15,169.47.30.64,regular
10.0.2.15,178.33.236.140,regular
10.0.2.15,104.108.48.61,regular
10.0.2.15,52.5.125.80,regular
10.0.2.15,46.51.177.223,regular
10.0.2.15,61.213.187.241,regular
10.0.2.15,52.193.200.174,regular
10.0.2.15,94.31.6.166,regular
68.232.35.182,10.0.2.15,regular
10.0.2.15,130.211.103.172,regular
10.0.2.15,149.126.77.187,regular
10.0.2.15,54.76.155.13,regular
10.0.2.15,209.197.3.19,regular
10.0.2.15,185.29.135.42,regular
10.0.2.15,64.158.223.140,regular
10.0.2.15,188.125.66.34,regular
10.0.2.15,2.22.15.8,regular
10.0.2.15,35.157.69.224,regular
10.0.2.15,50.19.107.76,regular
10.0.2.15,35.157.61.28,regular
130.211.103.172,10.0.2.15,regular
10.0.2.15,54.229.75.228,regular
54.229.75.228,10.0.2.15,regular
52.222.174.104,10.0.2.15,regular
10.0.2.15,52.222.174.65,regular
52.222.174.65,10.0.2.15,regular
10.0.2.15,2.22.111.197,regular
10.0.2.15,52.58.143.216,regular
10.0.2.15,13.107.21.200,regular
10.0.2.15,216.52.207.245,regular
10.0.2.15,52.0.62.44,regular
10.0.2.15,52.86.123.109,regular
10.0.2.15,185.33.220.59,regular
10.0.2.15,206.29.169.159,regular
10.0.2.15,52.222.171.125,regular
10.0.2.15,160.218.161.40,regular
10.0.2.15,23.32.223.227,regular
10.0.2.15,54.72.198.94,regular
10.0.2.15,172.217.21.200,regular
10.0.2.15,66.117.28.86,regular
10.0.2.15,185.34.188.108,regular
10.0.2.15,66.150.108.57,regular
10.0.2.15,104.16.26.216,regular
10.0.2.15,66.150.108.61,regular
10.0.2.15,212.47.2.209,regular
10.0.2.15,212.47.2.223,regular
10.0.2.15,212.47.2.212,regular
10.0.2.15,172.217.21.234,regular
212.47.2.212,10.0.2.15,regular
10.0.2.15,62.168.44.124,regular
62.168.44.124,10.0.2.15,regular
10.0.2.15,194.213.222.30,regular
194.213.222.30,10.0.2.15,regular
10.0.2.15,62.168.44.119,regular
10.0.2.15,217.31.54.24,regular
10.0.2.15,74.125.195.97,regular
74.125.195.97,10.0.2.15,regular
217.31.54.24,10.0.2.15,regular
85.232.230.229,10.0.2.15,regular
10.0.2.15,108.161.188.192,regular
108.161.188.192,10.0.2.15,regular
10.0.2.15,62.209.227.210,regular
62.209.227.210,10.0.2.15,regular
10.0.2.15,23.111.9.32,regular
10.0.2.15,94.31.29.64,regular
10.0.2.15,194.213.62.34,regular
194.213.62.34,10.0.2.15,regular
172.217.21.234,10.0.2.15,regular
23.111.9.32,10.0.2.15,regular
94.31.29.64,10.0.2.15,regular
10.0.2.15,217.77.163.138,regular
10.0.2.15,54.154.66.200,regular
10.0.2.15,68.232.35.180,regular
10.0.2.15,104.16.124.228,regular
10.0.2.15,185.34.188.194,regular
10.0.2.15,66.117.29.11,regular
10.0.2.15,152.115.75.218,regular
10.0.2.15,217.77.163.166,regular
10.0.2.15,2.22.102.205,regular
10.0.2.15,104.16.69.157,regular
10.0.2.15,37.157.6.253,regular
10.0.2.15,34.194.9.92,regular
10.0.2.15,104.108.43.22,regular
10.0.2.15,8.20.172.40,regular
10.0.2.15,64.69.14.116,regular
10.0.2.15,208.81.233.32,regular
10.0.2.15,82.199.68.73,regular
10.0.2.15,52.207.161.48,regular
217.77.163.166,10.0.2.15,regular
10.0.2.15,93.184.220.20,regular
93.184.220.20,10.0.2.15,regular
10.0.2.15,23.205.175.61,regular
10.0.2.15,91.198.174.192,regular
91.198.174.192,10.0.2.15,regular
10.0.2.15,151.101.1.69,regular
10.0.2.15,216.58.206.10,regular
10.0.2.15,151.101.129.69,regular
10.0.2.15,95.172.94.26,regular
10.0.2.15,104.108.39.228,regular
10.0.2.15,95.172.94.59,regular
10.0.2.15,50.16.224.82,regular
10.0.2.15,104.16.2.9,regular
10.0.2.15,192.0.73.2,regular
10.0.2.15,52.216.64.208,regular
10.0.2.15,95.172.94.48,regular
10.0.2.15,95.172.94.51,regular
10.0.2.15,172.217.21.202,regular
10.0.2.15,216.58.210.10,regular
10.0.2.15,172.217.17.99,regular
10.0.2.15,192.230.81.42,regular
10.0.2.15,23.38.85.236,regular
10.0.2.15,52.222.174.193,regular
10.0.2.15,54.72.182.106,regular
10.0.2.15,216.58.201.72,regular
10.0.2.15,185.34.188.114,regular
10.0.2.15,52.222.175.68,regular
10.0.2.15,52.222.166.91,regular
10.0.2.15,104.20.182.9,regular
10.0.2.15,35.163.223.46,regular
10.0.2.15,23.38.83.159,regular
10.0.2.15,52.222.175.174,regular
10.0.2.15,104.123.230.148,regular
10.0.2.15,104.244.43.16,regular
10.0.2.15,52.222.171.80,regular
10.0.2.15,54.235.187.181,regular
10.0.2.15,192.28.146.120,regular
10.0.2.15,72.167.239.239,regular
72.167.239.239,10.0.2.15,regular
10.0.2.15,52.0.34.38,regular
10.0.2.15,31.13.93.36,regular
10.0.2.15,31.13.93.7,regular
10.0.2.15,31.13.93.10,regular
10.0.2.15,104.244.42.129,regular
10.0.2.15,192.229.233.50,regular
10.0.2.15,199.16.156.21,regular
10.0.2.15,216.58.201.110,regular
216.58.201.110,10.0.2.15,regular
10.0.2.15,216.58.209.195,regular
10.0.2.15,108.174.10.10,regular
108.174.10.10,10.0.2.15,regular
10.0.2.15,91.225.248.129,regular
10.0.2.15,23.4.252.109,regular
10.0.2.15,23.214.157.153,regular
10.0.2.15,104.90.139.61,regular
10.0.2.15,176.58.93.37,regular
10.0.2.15,151.101.12.249,regular
10.0.2.15,66.155.40.249,regular
66.155.40.249,10.0.2.15,regular
10.0.2.15,52.6.58.109,regular
10.0.2.15,176.58.89.100,regular
52.6.58.109,10.0.2.15,regular
10.0.2.15,147.75.100.223,regular
10.0.2.15,151.101.192.84,regular
151.101.192.84,10.0.2.15,regular
10.0.2.15,31.13.93.52,regular
10.0.2.15,107.178.243.85,regular
10.0.2.15,192.0.77.48,regular
10.0.2.15,216.58.201.106,regular
10.0.2.15,192.0.80.242,regular
10.0.2.15,151.101.12.84,regular
10.0.2.15,144.2.0.1,regular
10.0.2.15,91.225.248.133,regular
10.0.2.15,185.63.144.1,regular
35.163.223.46,10.0.2.15,regular
52.222.175.174,10.0.2.15,regular
10.0.2.15,192.0.72.18,regular
10.0.2.15,23.1.106.65,regular
192.230.81.42,10.0.2.15,regular
10.0.2.15,216.58.201.99,regular
104.244.42.129,10.0.2.15,regular
10.0.2.15,216.58.201.109,regular
10.0.2.15,52.222.171.133,regular
216.58.205.238,10.0.2.15,regular
10.0.2.15,185.33.223.11,regular
10.0.2.15,176.58.93.193,regular
10.0.2.15,31.13.93.3,regular
192.0.80.242,10.0.2.15,regular
216.58.201.106,10.0.2.15,regular
31.13.93.7,10.0.2.15,regular
185.63.144.1,10.0.2.15,regular
91.225.248.133,10.0.2.15,regular
144.2.0.1,10.0.2.15,regular
104.244.42.195,10.0.2.15,regular
192.0.72.18,10.0.2.15,regular
10.0.2.15,176.58.89.38,regular
192.0.77.48,10.0.2.15,regular
52.222.171.133,10.0.2.15,regular
10.0.2.15,192.229.233.180,regular
10.0.2.15,103.20.94.1,regular
10.0.2.15,172.217.23.232,regular
10.0.2.15,95.172.94.18,regular
10.0.2.15,52.222.171.249,regular
10.0.2.15,95.172.94.29,regular
10.0.2.15,192.0.77.2,regular
10.0.2.15,66.155.40.250,regular
10.0.2.15,216.58.201.105,regular
216.58.201.105,10.0.2.15,regular
10.0.2.15,192.150.16.117,regular
10.0.2.15,17.172.224.47,regular
10.0.2.15,104.127.48.56,regular
104.127.48.56,10.0.2.15,regular
23.38.85.236,10.0.2.15,regular
10.0.2.15,104.123.236.15,regular
10.0.2.15,192.0.78.17,regular
10.0.2.15,216.58.201.97,regular
10.0.2.15,192.0.77.32,regular
10.0.2.15,178.250.0.74,regular
10.0.2.15,192.0.76.3,regular
10.0.2.15,52.49.214.49,regular
52.49.214.49,10.0.2.15,regular
10.0.2.15,149.174.28.142,regular
10.0.2.15,104.127.51.246,regular
104.127.51.246,10.0.2.15,regular
10.0.2.15,66.117.29.34,regular
66.117.29.34,10.0.2.15,regular
66.117.28.86,10.0.2.15,regular
10.0.2.15,64.233.167.157,regular
10.0.2.15,23.38.87.52,regular
10.0.2.15,66.117.29.4,regular
10.0.2.15,178.250.0.82,regular
10.0.2.15,74.119.118.98,regular
10.0.2.15,104.244.43.80,regular
10.0.2.15,172.82.200.144,regular
10.0.2.15,52.222.174.164,regular
192.0.78.17,10.0.2.15,regular
10.0.2.15,216.58.201.66,regular
10.0.2.15,54.246.122.86,regular
192.0.76.3,10.0.2.15,regular
192.0.77.32,10.0.2.15,regular
10.0.2.15,46.137.183.141,regular
10.0.2.15,52.222.175.42,regular
10.0.2.15,54.247.73.98,regular
10.0.2.15,52.44.14.140,regular
10.0.2.15,52.222.171.150,regular
10.0.2.15,66.117.28.83,regular
52.222.171.150,10.0.2.15,regular
216.58.201.97,10.0.2.15,regular
10.0.2.15,37.252.172.80,regular
192.0.77.2,10.0.2.15,regular
10.0.2.15,52.59.100.178,regular
52.59.100.178,10.0.2.15,regular
10.0.2.15,172.217.23.194,regular
10.0.2.15,54.246.95.198,regular
10.0.2.15,2.21.74.19,regular
10.0.2.15,52.45.235.55,regular
2.21.74.19,10.0.2.15,regular
216.58.201.99,10.0.2.15,regular
10.0.2.15,192.229.221.253,regular
10.0.2.15,216.58.201.102,regular
10.0.2.15,52.222.173.171,regular
10.0.2.15,23.214.134.33,regular
34.200.6.171,10.0.2.15,regular
192.229.221.253,10.0.2.15,regular
10.0.2.15,74.119.118.84,regular
10.0.2.15,52.20.134.53,regular
10.0.2.15,64.12.228.10,regular
10.0.2.15,66.117.28.68,regular
31.13.93.10,10.0.2.15,regular
10.0.2.15,185.31.128.208,regular
185.31.128.208,10.0.2.15,regular
10.0.2.15,54.165.112.32,regular
54.165.112.32,10.0.2.15,regular
10.0.2.15,64.12.245.38,regular
66.117.28.68,10.0.2.15,regular
10.0.2.15,204.11.109.65,regular
10.0.2.15,68.171.169.171,regular
10.0.2.15,34.251.148.123,regular
10.0.2.15,52.211.54.244,regular
10.0.2.15,52.222.175.148,regular
10.0.2.15,35.187.37.194,regular
10.0.2.15,40.113.82.75,regular
216.58.201.66,10.0.2.15,regular
10.0.2.15,54.246.103.156,regular
54.246.103.156,10.0.2.15,regular
10.0.2.15,34.196.87.28,regular
10.0.2.15,188.125.66.33,regular
10.0.2.15,162.243.245.192,regular
216.58.209.195,10.0.2.15,regular
52.222.173.171,10.0.2.15,regular
10.0.2.15,2.21.74.9,regular
10.0.2.15,52.222.175.8,regular
10.0.2.15,217.12.15.83,regular
10.0.2.15,52.19.210.4,regular
10.0.2.15,185.33.220.27,regular
10.0.2.15,172.217.23.202,regular
10.0.2.15,63.140.40.98,regular
10.0.2.15,52.40.87.196,regular
23.38.87.52,10.0.2.15,regular
172.217.23.202,10.0.2.15,regular
10.0.2.15,104.123.232.41,regular
10.0.2.15,17.110.232.46,regular
10.0.2.15,77.75.77.53,regular
10.0.2.15,77.75.78.183,regular
10.0.2.15,77.75.78.19,regular
10.0.2.15,37.157.6.252,regular
10.0.2.15,77.75.77.27,regular
10.0.2.15,77.75.76.57,regular
10.0.2.15,77.75.78.22,regular
10.0.2.15,81.0.212.199,regular
10.0.2.15,77.75.77.212,regular
10.0.2.15,77.75.77.215,regular
10.0.2.15,77.75.77.126,regular
10.0.2.15,23.38.91.117,regular
10.0.2.15,172.217.23.226,regular
10.0.2.15,37.157.5.49,regular
77.75.77.120,10.0.2.15,regular
10.0.2.15,54.247.101.147,regular
10.0.2.15,185.33.220.5,regular
10.0.2.15,213.155.156.180,regular
10.0.2.15,152.163.64.2,regular
213.155.156.180,10.0.2.15,regular
152.163.64.2,10.0.2.15,regular
2.21.74.9,10.0.2.15,regular
10.0.2.15,199.16.156.9,regular
10.0.2.15,199.16.156.75,regular
10.0.2.15,77.75.76.7,regular
10.0.2.15,216.58.201.98,regular
10.0.2.15,77.75.76.69,regular
10.0.2.15,77.75.76.52,regular
10.0.2.15,199.16.156.52,regular
10.0.2.15,68.232.35.172,regular
10.0.2.15,77.75.76.141,regular
10.0.2.15,54.77.241.152,regular
199.16.156.75,10.0.2.15,regular
199.16.156.9,10.0.2.15,regular
10.0.2.15,216.58.209.196,regular
10.0.2.15,192.0.72.29,regular
10.0.2.15,185.33.223.45,regular
10.0.2.15,152.163.56.2,regular
10.0.2.15,37.157.5.71,regular
10.0.2.15,54.194.178.69,regular
10.0.2.15,109.123.210.64,regular
10.0.2.15,8.30.11.14,regular
10.0.2.15,159.253.128.183,regular
216.58.201.98,10.0.2.15,regular
77.75.77.126,10.0.2.15,regular
199.16.156.52,10.0.2.15,regular
216.58.209.196,10.0.2.15,regular
192.0.72.29,10.0.2.15,regular
172.217.23.194,10.0.2.15,regular
10.0.2.15,77.75.77.243,regular
10.0.2.15,192.0.78.23,regular
10.0.2.15,178.250.2.74,regular
10.0.2.15,87.248.118.22,regular
10.0.2.15,95.172.94.55,regular
10.0.2.15,104.244.43.176,regular
10.0.2.15,72.21.206.140,regular
10.0.2.15,95.172.94.50,regular
10.0.2.15,199.16.156.73,regular
10.0.2.15,185.33.220.58,regular
10.0.2.15,185.33.222.62,regular
10.0.2.15,66.6.32.31,regular
10.0.2.15,87.248.118.25,regular
10.0.2.15,91.195.240.226,regular
10.0.2.15,87.248.118.23,regular
10.0.2.15,72.52.4.90,regular
72.52.4.90,10.0.2.15,regular
10.0.2.15,87.248.118.24,regular
104.16.26.216,10.0.2.15,regular
10.0.2.15,151.101.192.217,regular
10.0.2.15,205.234.175.175,regular
205.234.175.175,10.0.2.15,regular
10.0.2.15,217.12.15.54,regular
10.0.2.15,66.6.32.34,regular
10.0.2.15,104.123.193.227,regular
10.0.2.15,104.123.203.45,regular
10.0.2.15,151.101.13.133,regular
10.0.2.15,216.58.201.104,regular
10.0.2.15,217.12.13.41,regular
31.13.93.36,10.0.2.15,regular
64.233.167.157,10.0.2.15,regular
10.0.2.15,217.12.15.100,regular
10.0.2.15,217.12.13.40,regular
10.0.2.15,87.248.116.14,regular
10.0.2.15,62.201.164.117,regular
10.0.2.15,62.201.164.113,regular
10.0.2.15,108.177.15.157,regular
10.0.2.15,52.222.171.35,regular
216.58.201.104,10.0.2.15,regular
66.6.32.31,10.0.2.15,regular
10.0.2.15,182.22.24.124,regular
10.0.2.15,52.94.220.16,regular
10.0.2.15,23.38.91.162,regular
10.0.2.15,52.222.175.181,regular
10.0.2.15,52.222.174.103,regular
10.0.2.15,153.149.154.120,regular
153.149.154.120,10.0.2.15,regular
192.0.78.23,10.0.2.15,regular
199.16.156.73,10.0.2.15,regular
10.0.2.15,62.201.164.109,regular
91.225.248.129,10.0.2.15,regular
10.0.2.15,54.231.82.178,regular
77.75.79.9,10.0.2.15,regular
172.217.23.232,10.0.2.15,regular
108.177.15.157,10.0.2.15,regular
10.0.2.15,104.123.157.31,regular
10.0.2.15,185.33.220.26,regular
87.248.118.22,10.0.2.15,regular
216.58.201.102,10.0.2.15,regular
52.222.171.106,10.0.2.15,regular
185.33.222.62,10.0.2.15,regular
10.0.2.15,185.29.133.33,regular
10.0.2.15,34.194.106.168,regular
10.0.2.15,151.101.128.217,regular
10.0.2.15,52.222.167.9,regular
10.0.2.15,95.172.94.41,regular
10.0.2.15,151.101.12.207,regular
10.0.2.15,162.247.242.18,regular
10.0.2.15,172.217.23.200,regular
10.0.2.15,52.43.9.103,regular
10.0.2.15,34.249.169.195,regular
10.0.2.15,207.204.41.23,regular
10.0.2.15,205.178.187.13,regular
10.0.2.15,23.214.146.50,regular
10.0.2.15,66.150.108.53,regular
10.0.2.15,66.235.139.19,regular
10.0.2.15,63.215.202.72,regular
10.0.2.15,66.150.108.69,regular
10.0.2.15,54.239.25.208,regular
54.239.25.208,10.0.2.15,regular
10.0.2.15,208.109.4.218,regular
10.0.2.15,52.222.174.29,regular
10.0.2.15,23.38.81.192,regular
10.0.2.15,72.21.207.79,regular
10.0.2.15,52.222.170.49,regular
10.0.2.15,23.38.86.32,regular
10.0.2.15,104.127.62.167,regular
10.0.2.15,52.54.145.180,regular
10.0.2.15,54.239.17.113,regular
104.127.62.167,10.0.2.15,regular
10.0.2.15,185.94.180.125,regular
10.0.2.15,50.17.232.169,regular
10.0.2.15,151.101.12.166,regular
10.0.2.15,104.127.60.107,regular
10.0.2.15,54.72.1.54,regular
10.0.2.15,185.33.222.236,regular
10.0.2.15,62.67.193.91,regular
10.0.2.15,199.16.156.200,regular
10.0.2.15,52.71.43.244,regular
10.0.2.15,52.7.159.102,regular
10.0.2.15,54.217.228.150,regular
10.0.2.15,35.158.25.179,regular
10.0.2.15,23.4.248.232,regular
10.0.2.15,80.252.91.53,regular
23.38.81.192,10.0.2.15,regular
10.0.2.15,52.222.174.17,regular
10.0.2.15,104.123.200.133,regular
10.0.2.15,104.123.196.189,regular
10.0.2.15,35.156.62.246,regular
10.0.2.15,46.137.175.233,regular
10.0.2.15,95.172.94.20,regular
10.0.2.15,107.21.250.154,regular
10.0.2.15,52.200.94.240,regular
10.0.2.15,52.29.158.33,regular
10.0.2.15,54.246.136.147,regular
199.16.156.200,10.0.2.15,regular
10.0.2.15,208.109.4.49,regular
10.0.2.15,52.71.208.179,regular
10.0.2.15,178.249.101.23,regular
10.0.2.15,80.252.91.52,regular
10.0.2.15,104.244.43.48,regular
23.38.86.32,10.0.2.15,regular
66.117.29.11,10.0.2.15,regular
10.0.2.15,95.172.94.37,regular
10.0.2.15,208.81.233.48,regular
172.217.23.200,10.0.2.15,regular
10.0.2.15,52.72.174.41,regular
10.0.2.15,158.69.242.138,regular
10.0.2.15,104.127.52.135,regular
10.0.2.15,185.33.220.199,regular
10.0.2.15,52.7.141.209,regular
10.0.2.15,52.94.232.33,regular
10.0.2.15,54.246.125.70,regular
10.0.2.15,54.231.49.170,regular
10.0.2.15,52.222.174.57,regular
10.0.2.15,52.222.174.184,regular
10.0.2.15,178.249.101.98,regular
10.0.2.15,208.89.12.87,regular
10.0.2.15,178.249.101.99,regular
10.0.2.15,208.89.15.153,regular
10.0.2.15,52.94.232.32,regular
10.0.2.15,104.238.65.154,regular
10.0.2.15,198.71.248.9,regular
10.0.2.15,206.190.36.45,regular
10.0.2.15,69.147.76.173,regular
10.0.2.15,46.228.47.115,regular
87.248.118.23,10.0.2.15,regular
10.0.2.15,23.100.122.175,regular
10.0.2.15,98.138.243.53,regular
10.0.2.15,217.12.15.96,regular
10.0.2.15,188.125.82.157,regular
10.0.2.15,98.138.199.240,regular
10.0.2.15,23.4.249.223,regular
10.0.2.15,198.47.127.18,regular
10.0.2.15,72.30.196.161,regular
10.0.2.15,23.38.86.9,regular
10.0.2.15,104.123.156.251,regular
10.0.2.15,23.38.91.126,regular
10.0.2.15,2.21.74.33,regular
10.0.2.15,173.241.240.199,regular
10.0.2.15,77.238.185.49,regular
10.0.2.15,54.171.34.141,regular
10.0.2.15,52.206.192.251,regular
217.12.15.96,10.0.2.15,regular
217.146.190.249,10.0.2.15,regular
216.58.201.109,10.0.2.15,regular
10.0.2.15,94.31.6.184,regular
10.0.2.15,136.243.75.16,regular
10.0.2.15,217.146.190.16,regular
23.4.248.232,10.0.2.15,regular
10.0.2.15,23.38.82.85,regular
10.0.2.15,23.38.91.21,regular
23.4.249.223,10.0.2.15,regular
23.38.91.126,10.0.2.15,regular
10.0.2.15,104.199.16.41,regular
10.0.2.15,52.222.170.124,regular
10.0.2.15,217.79.188.60,regular
10.0.2.15,217.79.188.2,regular
10.0.2.15,176.74.173.230,regular
10.0.2.15,104.16.25.216,regular
10.0.2.15,157.56.107.173,regular
10.0.2.15,23.4.250.63,regular
10.0.2.15,151.101.13.108,regular
10.0.2.15,2.21.74.104,regular
10.0.2.15,198.41.215.185,regular
198.41.215.185,10.0.2.15,regular
10.0.2.15,185.29.135.181,regular
10.0.2.15,195.78.111.238,regular
10.0.2.15,52.214.232.122,regular
10.0.2.15,23.111.11.61,regular
10.0.2.15,176.58.92.200,regular
10.0.2.15,131.253.61.80,regular
46.228.47.115,10.0.2.15,regular
10.0.2.15,178.250.2.76,regular
10.0.2.15,85.114.159.93,regular
10.0.2.15,52.31.67.165,regular
10.0.2.15,35.157.189.163,regular
10.0.2.15,95.172.94.43,regular
10.0.2.15,52.5.214.156,regular
10.0.2.15,23.214.152.179,regular
10.0.2.15,146.0.227.107,regular
10.0.2.15,104.16.26.235,regular
10.0.2.15,52.205.1.64,regular
10.0.2.15,185.33.223.10,regular
10.0.2.15,104.45.0.17,regular
10.0.2.15,52.211.21.195,regular
10.0.2.15,208.100.17.178,regular
10.0.2.15,104.16.23.11,regular
10.0.2.15,104.127.61.173,regular
10.0.2.15,176.58.93.132,regular
10.0.2.15,104.152.141.67,regular
10.0.2.15,35.157.92.151,regular
10.0.2.15,107.178.240.89,regular
10.0.2.15,87.248.118.11,regular
10.0.2.15,93.92.100.173,regular
23.4.250.63,10.0.2.15,regular
10.0.2.15,104.199.41.131,regular
10.0.2.15,35.156.121.57,regular
10.0.2.15,104.127.62.96,regular
10.0.2.15,52.73.182.133,regular
10.0.2.15,52.222.171.190,regular
10.0.2.15,52.49.172.86,regular
10.0.2.15,52.2.31.2,regular
10.0.2.15,2.21.74.65,regular
10.0.2.15,23.4.249.70,regular
10.0.2.15,104.19.196.102,regular
10.0.2.15,52.213.34.16,regular
10.0.2.15,198.232.125.123,regular
10.0.2.15,168.62.105.45,regular
10.0.2.15,137.117.241.14,regular
10.0.2.15,23.38.85.204,regular
10.0.2.15,176.34.127.164,regular
10.0.2.15,74.125.206.155,regular
10.0.2.15,216.58.201.74,regular
10.0.2.15,54.171.4.69,regular
10.0.2.15,104.123.230.171,regular
10.0.2.15,54.164.0.122,regular
10.0.2.15,131.253.61.64,regular
10.0.2.15,191.235.177.30,regular
198.232.125.123,10.0.2.15,regular
10.0.2.15,23.21.217.175,regular
10.0.2.15,93.184.220.42,regular
10.0.2.15,130.211.38.145,regular
74.125.206.155,10.0.2.15,regular
10.0.2.15,23.214.117.217,regular
10.0.2.15,192.132.33.27,regular
216.58.201.74,10.0.2.15,regular
10.0.2.15,46.51.168.250,regular
10.0.2.15,204.2.197.202,regular
10.0.2.15,199.166.0.201,regular
10.0.2.15,54.197.249.29,regular
10.0.2.15,63.215.202.65,regular
10.0.2.15,95.172.94.32,regular
10.0.2.15,204.11.109.68,regular
168.62.105.45,10.0.2.15,regular
10.0.2.15,54.243.77.79,regular
87.248.118.11,10.0.2.15,regular
217.12.13.40,10.0.2.15,regular
10.0.2.15,54.246.114.222,regular
10.0.2.15,159.122.19.132,regular
10.0.2.15,50.97.162.76,regular
10.0.2.15,185.29.133.52,beaconing
10.0.2.15,52.222.171.160,regular
10.0.2.15,54.247.71.225,regular
10.0.2.15,130.211.15.187,regular
10.0.2.15,63.215.202.75,regular
10.0.2.15,104.16.28.216,regular
104.16.28.216,10.0.2.15,regular
130.211.38.145,10.0.2.15,regular
10.0.2.15,67.199.248.11,regular
10.0.2.15,67.199.248.15,regular
10.0.2.15,125.39.240.113,regular
125.39.240.113,10.0.2.15,regular
10.0.2.15,207.148.248.132,regular
207.148.248.132,10.0.2.15,regular
10.0.2.15,69.64.157.29,regular
10.0.2.15,2.21.74.26,regular
2.21.74.26,10.0.2.15,regular
10.0.2.15,52.222.174.21,regular
10.0.2.15,52.222.174.24,regular
10.0.2.15,203.205.158.63,regular
10.0.2.15,203.205.151.212,regular
10.0.2.15,203.205.158.38,regular
10.0.2.15,203.205.158.61,regular
10.0.2.15,183.57.48.84,regular
10.0.2.15,52.222.171.179,regular
10.0.2.15,203.205.158.60,regular
10.0.2.15,14.17.43.30,regular
10.0.2.15,203.205.158.62,regular
52.222.171.160,10.0.2.15,regular
130.211.15.187,10.0.2.15,regular
10.0.2.15,2.21.74.105,regular
10.0.2.15,52.222.174.46,regular
10.0.2.15,203.205.158.55,regular
10.0.2.15,103.7.30.118,regular
10.0.2.15,203.205.128.137,regular
104.19.196.102,10.0.2.15,regular
93.184.220.42,10.0.2.15,regular
10.0.2.15,182.254.5.234,regular
10.0.2.15,125.39.133.40,regular
10.0.2.15,123.151.148.71,regular
10.0.2.15,203.205.179.172,regular
10.0.2.15,125.39.240.46,regular
10.0.2.15,111.161.111.28,regular
10.0.2.15,61.135.157.168,regular
10.0.2.15,121.51.142.34,regular
10.0.2.15,203.205.158.35,regular
10.0.2.15,58.250.11.11,regular
10.0.2.15,123.151.139.68,regular
10.0.2.15,203.205.142.183,regular
10.0.2.15,52.222.171.189,regular
10.0.2.15,119.147.10.40,regular
10.0.2.15,93.184.221.185,regular
10.0.2.15,52.44.157.164,regular
172.217.23.226,10.0.2.15,regular
52.222.171.179,10.0.2.15,regular
10.0.2.15,199.16.156.41,regular
10.0.2.15,199.16.156.11,regular
10.0.2.15,209.167.231.17,regular
209.167.231.17,10.0.2.15,regular
10.0.2.15,50.19.95.208,regular
50.19.95.208,10.0.2.15,regular
203.205.158.38,10.0.2.15,regular
66.150.108.53,10.0.2.15,regular
10.0.2.15,54.247.69.81,regular
10.0.2.15,23.214.152.26,regular
10.0.2.15,62.51.0.45,regular
10.0.2.15,151.101.14.2,regular
10.0.2.15,54.152.133.101,regular
10.0.2.15,37.157.3.40,regular
10.0.2.15,66.150.108.87,regular
10.0.2.15,103.7.30.100,regular
103.7.30.100,10.0.2.15,regular
10.0.2.15,211.101.228.185,regular
211.101.228.185,10.0.2.15,regular
10.0.2.15,219.134.61.229,regular
219.134.61.229,10.0.2.15,regular
10.0.2.15,106.48.12.36,regular
106.48.12.36,10.0.2.15,regular
10.0.2.15,202.173.15.17,regular
10.0.2.15,151.249.90.253,regular
151.249.90.253,10.0.2.15,regular
10.0.2.15,218.60.45.42,regular
218.60.45.42,10.0.2.15,regular
10.0.2.15,103.7.30.123,regular
103.7.30.123,10.0.2.15,regular
203.205.151.212,10.0.2.15,regular
203.205.158.55,10.0.2.15,regular
103.7.30.118,10.0.2.15,regular
203.205.128.137,10.0.2.15,regular
203.205.158.62,10.0.2.15,regular
203.205.158.61,10.0.2.15,regular
10.0.2.15,61.135.162.21,regular
61.135.162.21,10.0.2.15,regular
182.254.5.234,10.0.2.15,regular
121.51.142.34,10.0.2.15,regular
10.0.2.15,61.135.162.115,regular
61.135.162.115,10.0.2.15,regular
10.0.2.15,125.39.240.57,regular
125.39.240.57,10.0.2.15,regular
10.0.2.15,54.246.83.81,regular
199.16.156.11,10.0.2.15,regular
199.16.156.41,10.0.2.15,regular
183.57.48.84,10.0.2.15,regular
123.151.148.71,10.0.2.15,regular
203.205.179.172,10.0.2.15,regular
111.161.111.28,10.0.2.15,regular
61.135.157.168,10.0.2.15,regular
125.39.240.46,10.0.2.15,regular
203.205.142.183,10.0.2.15,regular
10.0.2.15,58.220.11.230,regular
58.220.11.230,10.0.2.15,regular
10.0.2.15,202.77.129.161,regular
202.77.129.161,10.0.2.15,regular
123.151.139.68,10.0.2.15,regular
10.0.2.15,103.7.30.85,regular
10.0.2.15,183.232.98.200,regular
10.0.2.15,58.220.11.231,regular
10.0.2.15,122.225.219.90,regular
122.225.219.90,10.0.2.15,regular
10.0.2.15,115.236.76.108,regular
58.220.11.231,10.0.2.15,regular
115.236.76.108,10.0.2.15,regular
10.0.2.15,192.229.133.187,regular
10.0.2.15,111.202.114.35,regular
192.229.133.187,10.0.2.15,regular
10.0.2.15,106.39.169.66,regular
10.0.2.15,202.77.129.54,regular
10.0.2.15,59.37.96.191,regular
10.0.2.15,203.205.142.186,regular
10.0.2.15,183.136.237.235,regular
183.136.237.235,10.0.2.15,regular
10.0.2.15,115.236.16.203,regular
10.0.2.15,14.215.138.25,regular
10.0.2.15,183.3.226.92,regular
10.0.2.15,101.226.233.193,regular
10.0.2.15,203.205.158.37,regular
10.0.2.15,112.90.77.170,regular
10.0.2.15,54.228.241.201,regular
10.0.2.15,216.58.211.46,regular
10.0.2.15,172.217.18.4,regular
2.21.74.105,10.0.2.15,regular
52.222.171.189,10.0.2.15,regular
93.184.221.185,10.0.2.15,regular
10.0.2.15,52.45.2.170,regular
52.45.2.170,10.0.2.15,regular
10.0.2.15,172.217.22.226,regular
66.150.108.87,10.0.2.15,regular
10.0.2.15,54.247.72.46,regular
172.217.22.226,10.0.2.15,regular
10.0.2.15,185.33.222.187,regular
10.0.2.15,199.16.156.105,regular
10.0.2.15,66.150.108.65,regular
10.0.2.15,37.48.113.10,regular
10.0.2.15,128.30.52.45,regular
128.30.52.45,10.0.2.15,regular
10.0.2.15,151.101.65.164,regular
10.0.2.15,128.30.52.100,regular
151.101.65.164,10.0.2.15,regular
128.30.52.100,10.0.2.15,regular
10.0.2.15,151.101.13.164,regular
10.0.2.15,52.222.171.58,regular
10.0.2.15,52.206.184.18,regular
10.0.2.15,23.38.84.43,regular
10.0.2.15,34.198.28.245,regular
10.0.2.15,52.22.239.185,regular
10.0.2.15,172.217.20.67,regular
10.0.2.15,52.222.175.178,regular
10.0.2.15,52.203.102.52,regular
10.0.2.15,52.94.216.48,regular
10.0.2.15,23.38.88.28,regular
10.0.2.15,104.16.59.10,regular
10.0.2.15,151.101.12.175,regular
10.0.2.15,172.227.124.249,regular
10.0.2.15,107.20.165.121,regular
10.0.2.15,52.222.174.188,regular
10.0.2.15,52.5.89.2,regular
10.0.2.15,23.23.99.12,regular
10.0.2.15,52.5.254.117,regular
10.0.2.15,50.16.230.210,regular
10.0.2.15,52.222.174.8,regular
52.222.174.8,10.0.2.15,regular
10.0.2.15,54.217.238.34,regular
10.0.2.15,54.243.150.41,regular
10.0.2.15,193.0.160.184,regular
10.0.2.15,35.161.228.40,regular
10.0.2.15,52.20.16.126,regular
10.0.2.15,37.252.172.12,regular
10.0.2.15,54.72.67.41,regular
10.0.2.15,52.23.101.14,regular
10.0.2.15,52.210.192.141,regular
10.0.2.15,23.38.93.27,regular
10.0.2.15,54.214.43.16,regular
10.0.2.15,52.212.210.166,regular
10.0.2.15,185.62.216.24,regular
